{"CODDISTRIT":{"0":1,"1":2,"2":3,"3":4,"4":5,"5":6,"6":7,"7":8,"8":9,"9":10,"10":11,"11":12,"12":13,"13":14,"14":15,"15":16,"16":17,"17":18,"18":19,"19":20,"20":21},"NOMBRE":{"0":"Centro","1":"Arganzuela","2":"Retiro","3":"Salamanca","4":"Chamart\u00edn","5":"Tetu\u00e1n","6":"Chamber\u00ed","7":"Fuencarral-El Pardo","8":"Moncloa-Aravaca","9":"Latina","10":"Carabanchel","11":"Usera","12":"Puente de Vallecas","13":"Moratalaz","14":"Ciudad Lineal","15":"Hortaleza","16":"Villaverde","17":"Villa de Vallecas","18":"Vic\u00e1lvaro","19":"San Blas-Canillejas","20":"Barajas"},"LATITUDE":{"0":40.4183083,"1":40.4002113,"2":40.4131699,"3":40.4297218,"4":40.462059,"5":40.4597511,"6":40.4340401,"7":40.4984016,"8":40.4354706,"9":40.3889694,"10":40.3909416,"11":40.3886604,"12":40.3935394,"13":40.4074211,"14":40.4450493,"15":40.4744415,"16":40.3499985,"17":40.366951,"18":40.4000015,"19":40.4389305,"20":40.4736595},"LONGITUDE":{"0":-3.70275,"1":-3.6961801,"2":-3.6830699,"3":-3.67975,"4":-3.6766,"5":-3.6975,"6":-3.7037899,"7":-3.7314,"8":-3.7316999,"9":-3.7456901,"10":-3.7242,"11":-3.70035,"12":-3.6619999,"13":-3.6493499,"14":-3.65132,"15":-3.6410999,"16":-3.7,"17":-3.60146,"18":-3.5999999,"19":-3.61537,"20":-3.57777},"SUPERFICIE (HA)":{"0":522.82,"1":646.22,"2":546.62,"3":539.24,"4":917.55,"5":537.47,"6":467.92,"7":23783.84,"8":4653.11,"9":2542.72,"10":1404.83,"11":777.77,"12":1496.86,"13":610.32,"14":1142.57,"15":2741.98,"16":2018.76,"17":5146.72,"18":3526.67,"19":2229.24,"20":4192.28},"POBLACI\u00d3N":{"0":131928,"1":151965,"2":118516,"3":143800,"4":143424,"5":153789,"6":137401,"7":238756,"8":116903,"9":233808,"10":243998,"11":134791,"12":227595,"13":94197,"14":212529,"15":180462,"16":142608,"17":104421,"18":70051,"19":154357,"20":46876},"DENSIDAD(HAB\/HA)":{"0":252.34,"1":235.16,"2":216.82,"3":266.67,"4":156.31,"5":286.13,"6":293.64,"7":10.04,"8":25.12,"9":91.95,"10":173.68,"11":173.3,"12":152.05,"13":154.34,"14":186.01,"15":65.81,"16":70.64,"17":19.86,"18":19.86,"19":69.24,"20":11.18}}